Category,Sub-Category,Item Name,Points,Found,Item ID,Shortened Item ID,Icon,Achievements ID,Achievements Display Name
Animals,Birds - Location,Flock (10+),2,FALSE,Animals_Birds - Location_Flock (10+),Animals_Birds - Location_Flock,raven,flying|animals,Air today gone tomorrow!|Animals crackers!
Animals,Birds - Location,Flying,1,FALSE,Animals_Birds - Location_Flying,Animals_Birds - Location_Flying,raven,flying|animals,Air today gone tomorrow!|Animals crackers!
Animals,Birds - Location,Grounded,1,FALSE,Animals_Birds - Location_Grounded,Animals_Birds - Location_Grounded,raven,flying|animals,Air today gone tomorrow!|Animals crackers!
Animals,Birds - Location,Perched,1,FALSE,Animals_Birds - Location_Perched,Animals_Birds - Location_Perched,raven,flying|animals,Air today gone tomorrow!|Animals crackers!
Animals,Birds - Species,Bird of prey,2,FALSE,Animals_Birds - Species_Bird of prey,Animals_Birds - Species_Prey,raven,flying|animals,Air today gone tomorrow!|Animals crackers!
Animals,Birds - Species,Black Bird,1,FALSE,Animals_Birds - Species_Black Bird,Animals_Birds - Species_Black,raven,flying|animals,Air today gone tomorrow!|Animals crackers!
Animals,Birds - Species,Magpie,1,FALSE,Animals_Birds - Species_Magpie,Animals_Birds - Species_Magpie,raven,flying|animals,Air today gone tomorrow!|Animals crackers!
Animals,Birds - Species,Pigeon,1,FALSE,Animals_Birds - Species_Pigeon,Animals_Birds - Species_Pigeon,raven,flying|animals,Air today gone tomorrow!|Animals crackers!
Animals,Birds - Species,Seagull,2,FALSE,Animals_Birds - Species_Seagull,Animals_Birds - Species_Seagull,raven,flying|animals,Air today gone tomorrow!|Animals crackers!
Animals,Farmyard,Cow,2,FALSE,Animals_Farmyard_Cow,Animals_Farmyard_Cow,pets,farmer|animals,Me and the farmer!|Animals crackers!
Animals,Farmyard,Dog,1,FALSE,Animals_Farmyard_Dog,Animals_Farmyard_Dog,pets,farmer|animals,Me and the farmer!|Animals crackers!
Animals,Farmyard,Horse,2,FALSE,Animals_Farmyard_Horse,Animals_Farmyard_Horse,pets,farmer|animals,Me and the farmer!|Animals crackers!
Animals,Farmyard,Sheep,2,FALSE,Animals_Farmyard_Sheep,Animals_Farmyard_Sheep,pets,farmer|animals,Me and the farmer!|Animals crackers!
Buildings,Construction,Crane,2,FALSE,Buildings_Construction_Crane,Buildings_Construction_Crane,construction,builder,Bob the builder!
Buildings,Construction,Scaffolding,1,FALSE,Buildings_Construction_Scaffolding,Buildings_Construction_Scaffolding,construction,builder,Bob the builder!
Buildings,Houses,Door Black,1,FALSE,Buildings_Houses_Door Black,Buildings_Houses_Door Black,home,location|rainbow,Location location location!|Over the rainbow!
Buildings,Houses,Door Blue,2,FALSE,Buildings_Houses_Door Blue,Buildings_Houses_Door Blue,home,location|rainbow,Location location location!|Over the rainbow!
Buildings,Houses,Door Green,2,FALSE,Buildings_Houses_Door Green,Buildings_Houses_Door Green,home,location|rainbow,Location location location!|Over the rainbow!
Buildings,Houses,Door Other,1,FALSE,Buildings_Houses_Door Other,Buildings_Houses_Door Other,home,location|rainbow,Location location location!|Over the rainbow!
Buildings,Houses,Door Red,2,FALSE,Buildings_Houses_Door Red,Buildings_Houses_Door Red,home,location|rainbow,Location location location!|Over the rainbow!
Buildings,Houses,Door White,1,FALSE,Buildings_Houses_Door White,Buildings_Houses_Door White,home,location|rainbow,Location location location!|Over the rainbow!
Buildings,Houses,Painted,1,FALSE,Buildings_Houses_Painted,Buildings_Houses_Painted,home,location|rainbow,Location location location!|Over the rainbow!
Buildings,Places of Interest,Car Salesroom,1,FALSE,Buildings_Places of Interest_Car Salesroom,Buildings_Places of Interest_Salesroom,location_city,interest,Been there done that!
Buildings,Places of Interest,Carwash,1,FALSE,Buildings_Places of Interest_Carwash,Buildings_Places of Interest_Carwash,location_city,interest,Been there done that!
Buildings,Places of Interest,Church,1,FALSE,Buildings_Places of Interest_Church,Buildings_Places of Interest_Church,location_city,interest,Been there done that!
Buildings,Places of Interest,Hotel,1,FALSE,Buildings_Places of Interest_Hotel,Buildings_Places of Interest_Hotel,location_city,interest,Been there done that!
Buildings,Places of Interest,Storage Facility,2,FALSE,Buildings_Places of Interest_Storage Facility,Buildings_Places of Interest_Storage,location_city,interest,Been there done that!
Buildings,Petrol Stations,BP,1,FALSE,Buildings_Petrol Stations_BP,Buildings_Petrol Stations_BP,local_gas_station,fuel|rule,Fuel the imagination!|Rule Britannia!
Buildings,Petrol Stations,Esso/Shell,3,FALSE,Buildings_Petrol Stations_Esso/Shell,Buildings_Petrol Stations_Esso/Shell,local_gas_station,fuel,Fuel the imagination!
Buildings,Petrol Stations,Other,1,FALSE,Buildings_Petrol Stations_Other,Buildings_Petrol Stations_Other,local_gas_station,fuel,Fuel the imagination!
Buildings,Pubs and Bars,Animal,2,FALSE,Buildings_Pubs and Bars_Animal,Buildings_Pubs and Bars_Animal,sports_bar,pub|animals,Cheers!|Animals crackers!
Buildings,Pubs and Bars,Name/Royal,2,FALSE,Buildings_Pubs and Bars_Name/Royal,Buildings_Pubs and Bars_Name_Royal,sports_bar,pub,Cheers!
Buildings,Pubs and Bars,Object,2,FALSE,Buildings_Pubs and Bars_Object,Buildings_Pubs and Bars_Object,sports_bar,pub,Cheers!
Buildings,Shops,Barber/Hairdresser,2,FALSE,Buildings_Shops_Barber/Hairdresser,Buildings_Shops_Hairdresser,storefront,shop_drop,Shop 'til you drop!
Buildings,Shops,Burger King,1,FALSE,Buildings_Shops_Burger King,Buildings_Shops_Burger King,storefront,shop_drop,Shop 'til you drop!
Buildings,Shops,Coffee Shop,1,FALSE,Buildings_Shops_Coffee Shop,Buildings_Shops_Coffee Shop,storefront,shop_drop,Shop 'til you drop!
Buildings,Shops,Fashion,2,FALSE,Buildings_Shops_Fashion,Buildings_Shops_Fashion,storefront,shop_drop,Shop 'til you drop!
Buildings,Shops,Florist,2,FALSE,Buildings_Shops_Florist,Buildings_Shops_Florist,storefront,shop_drop,Shop 'til you drop!
Buildings,Shops,KFC,1,FALSE,Buildings_Shops_KFC,Buildings_Shops_KFC,storefront,shop_drop,Shop 'til you drop!
Buildings,Shops,McDonalds,1,FALSE,Buildings_Shops_McDonalds,Buildings_Shops_McDonalds,storefront,shop_drop,Shop 'til you drop!
Buildings,Shops,Off Licence/Corner Shop,2,FALSE,Buildings_Shops_Off Licence/Corner Shop,Buildings_Shops_Off Licence,storefront,shop_drop|pub,Shop 'til you drop!|Cheers!
Buildings,Shops,Pet Shop/Grooming,2,FALSE,Buildings_Shops_Pet Shop/Grooming,Buildings_Shops_Pet Shop,storefront,shop_drop,Shop 'til you drop!
Buildings,Shops,Pharmacy,2,FALSE,Buildings_Shops_Pharmacy,Buildings_Shops_Pharmacy,storefront,shop_drop,Shop 'til you drop!
Buildings,Shops,Pizza,2,FALSE,Buildings_Shops_Pizza,Buildings_Shops_Pizza,storefront,shop_drop,Shop 'til you drop!
Buildings,Shops,Vape/Person Vaping,2,FALSE,Buildings_Shops_Vape/Person Vaping,Buildings_Shops_Vape,storefront,shop_drop,Shop 'til you drop!
Car,Colours,Brown,1,FALSE,Car_Colours_Brown,Car_Colours_Brown,palette,rainbow,Over the rainbow!
Car,Colours,Green,1,FALSE,Car_Colours_Green,Car_Colours_Green,palette,rainbow,Over the rainbow!
Car,Colours,Orange,2,FALSE,Car_Colours_Orange,Car_Colours_Orange,palette,rainbow,Over the rainbow!
Car,Colours,Pink,4,FALSE,Car_Colours_Pink,Car_Colours_Pink,palette,rainbow,Over the rainbow!
Car,Colours,Purple,3,FALSE,Car_Colours_Purple,Car_Colours_Purple,palette,rainbow,Over the rainbow!
Car,Colours,Two-toned,1,FALSE,Car_Colours_Two-toned,Car_Colours_Two-toned,palette,rainbow,Over the rainbow!
Car,Colours,Yellow,1,FALSE,Car_Colours_Yellow,Car_Colours_Yellow,palette,rainbow,Over the rainbow!
Car,External Items,Bike on a boot,1,FALSE,Car_External Items_Bike on a boot,Car_External Items_Bike-boot,directions_car,bike,On yer bike!
Car,External Items,Bike on a roof rack,1,FALSE,Car_External Items_Bike on a roof rack,Car_External Items_Bike-roof,directions_car,bike,On yer bike!
Car,External Items,Car with advertising on it,1,FALSE,Car_External Items_Car with advertising on it,Car_External Items_Advertising,directions_car,,
Car,External Items,Convertible,1,FALSE,Car_External Items_Convertible,Car_External Items_Convertible,directions_car,,
Car,External Items,Damaged,1,FALSE,Car_External Items_Damaged,Car_External Items_Damaged,directions_car,park_mate,You can't park there mate!
Car,External Items,Double Exhaust,1,FALSE,Car_External Items_Double Exhaust,Car_External Items_Double Exhaust,directions_car,,
Car,External Items,Hazard lights on,1,FALSE,Car_External Items_Hazard lights on,Car_External Items_Hazard,directions_car,park_mate,You can't park there mate!
Car,External Items,Poppy,2,FALSE,Car_External Items_Poppy,Car_External Items_Poppy,directions_car,poppy,Lest we forget!
Car,External Items,Roof Storage Pod,1,FALSE,Car_External Items_Roof Storage Pod,Car_External Items_Roof Storage,directions_car,,
Car,External Items,Spoiler,1,FALSE,Car_External Items_Spoiler,Car_External Items_Spoiler,directions_car,,
Car,Internal Items,Car seat,2,FALSE,Car_Internal Items_Car seat,Car_Internal Items_Car seat,airline_seat_recline_normal,,
Car,Internal Items,Clothes hanging in car,2,FALSE,Car_Internal Items_Clothes hanging in car,Car_Internal Items_Clothes,airline_seat_recline_normal,,
Car,Internal Items,Filled to the brim,2,FALSE,Car_Internal Items_Filled to the brim,Car_Internal Items_Filled,airline_seat_recline_normal,,
Car,Models,Audi,1,FALSE,Car_Models_Audi,Car_Models_Audi,car_tag,top_gear,Top Gear!
Car,Models,Bentley/Sports Car,3,FALSE,Car_Models_Bentley/Sports Car,Car_Models_Bentley,car_tag,top_gear,Top Gear!
Car,Models,BMW,1,FALSE,Car_Models_BMW,Car_Models_BMW,car_tag,top_gear,Top Gear!
Car,Models,Citroen,1,FALSE,Car_Models_Citroen,Car_Models_Citroen,car_tag,top_gear,Top Gear!
Car,Models,Cupra,2,FALSE,Car_Models_Cupra,Car_Models_Cupra,car_tag,top_gear,Top Gear!
Car,Models,Dacia,2,FALSE,Car_Models_Dacia,Car_Models_Dacia,car_tag,top_gear,Top Gear!
Car,Models,Fiat,1,FALSE,Car_Models_Fiat,Car_Models_Fiat,car_tag,top_gear,Top Gear!
Car,Models,Ford,1,FALSE,Car_Models_Ford,Car_Models_Ford,car_tag,top_gear,Top Gear!
Car,Models,Honda,1,FALSE,Car_Models_Honda,Car_Models_Honda,car_tag,top_gear,Top Gear!
Car,Models,Hyundai,1,FALSE,Car_Models_Hyundai,Car_Models_Hyundai,car_tag,top_gear,Top Gear!
Car,Models,Jaguar,2,FALSE,Car_Models_Jaguar,Car_Models_Jaguar,car_tag,top_gear|animals,Top Gear!|Animals crackers!
Car,Models,Jeep,3,FALSE,Car_Models_Jeep,Car_Models_Jeep,car_tag,top_gear,Top Gear!
Car,Models,KIA,1,FALSE,Car_Models_KIA,Car_Models_KIA,car_tag,top_gear,Top Gear!
Car,Models,Land Rover,1,FALSE,Car_Models_Land Rover,Car_Models_Land Rover,car_tag,top_gear,Top Gear!
Car,Models,Lexus,2,FALSE,Car_Models_Lexus,Car_Models_Lexus,car_tag,top_gear,Top Gear!
Car,Models,Mazda,1,FALSE,Car_Models_Mazda,Car_Models_Mazda,car_tag,top_gear,Top Gear!
Car,Models,Mercedes-Benz,1,FALSE,Car_Models_Mercedes-Benz,Car_Models_Mercedes-Benz,car_tag,top_gear,Top Gear!
Car,Models,MG,2,FALSE,Car_Models_MG,Car_Models_MG,car_tag,top_gear,Top Gear!
Car,Models,Mini (Regular),1,FALSE,Car_Models_Mini (Regular),Car_Models_Mini (Regular),car_tag,top_gear,Top Gear!
Car,Models,Mini (Union Jack),2,FALSE,Car_Models_Mini (Union Jack),Car_Models_Mini (Union Jack),car_tag,top_gear,Top Gear!
Car,Models,Mitsubishi,3,FALSE,Car_Models_Mitsubishi,Car_Models_Mitsubishi,car_tag,top_gear,Top Gear!
Car,Models,Nissan,1,FALSE,Car_Models_Nissan,Car_Models_Nissan,car_tag,top_gear,Top Gear!
Car,Models,Peugeot,1,FALSE,Car_Models_Peugeot,Car_Models_Peugeot,car_tag,top_gear,Top Gear!
Car,Models,Porsche,2,FALSE,Car_Models_Porsche,Car_Models_Porsche,car_tag,top_gear,Top Gear!
Car,Models,Range Rover,1,FALSE,Car_Models_Range Rover,Car_Models_Range Rover,car_tag,top_gear,Top Gear!
Car,Models,Renault,1,FALSE,Car_Models_Renault,Car_Models_Renault,car_tag,top_gear,Top Gear!
Car,Models,Seat/Smart,1,FALSE,Car_Models_Seat/Smart,Car_Models_Seat/Smart,car_tag,top_gear,Top Gear!
Car,Models,Skoda,1,FALSE,Car_Models_Skoda,Car_Models_Skoda,car_tag,top_gear,Top Gear!
Car,Models,Suzuki,2,FALSE,Car_Models_Suzuki,Car_Models_Suzuki,car_tag,top_gear,Top Gear!
Car,Models,Tesla,1,FALSE,Car_Models_Tesla,Car_Models_Tesla,car_tag,top_gear,Top Gear!
Car,Models,Toyota,1,FALSE,Car_Models_Toyota,Car_Models_Toyota,car_tag,top_gear,Top Gear!
Car,Models,Vauxhall,1,FALSE,Car_Models_Vauxhall,Car_Models_Vauxhall,car_tag,top_gear,Top Gear!
Car,Models,Volkswagen,1,FALSE,Car_Models_Volkswagen,Car_Models_Volkswagen,car_tag,top_gear,Top Gear!
Car,Models,Volvo,1,FALSE,Car_Models_Volvo,Car_Models_Volvo,car_tag,top_gear,Top Gear!
Car,Number Plates,Alternative,4,FALSE,Car_Number Plates_Alternative,Car_Number Plates_Alternative,confirmation_number,plate,Put it on a plate!
Car,Number Plates,European,2,FALSE,Car_Number Plates_European,Car_Number Plates_European,confirmation_number,plate,Put it on a plate!
Car,Number Plates,Personalised,2,FALSE,Car_Number Plates_Personalised,Car_Number Plates_Personalised,confirmation_number,plate,Put it on a plate!
Car,Stickers,Baby On Board,2,FALSE,Car_Stickers_Baby On Board,Car_Stickers_Baby,branding_watermark,learning,Learning the hard way!
Car,Stickers,GB,3,FALSE,Car_Stickers_GB,Car_Stickers_GB,branding_watermark,learning|rule,Learning the hard way!|Rule Britannia!
Car,Stickers,Learner,2,FALSE,Car_Stickers_Learner,Car_Stickers_Learner,branding_watermark,learning,Learning the hard way!
Car,Stickers,Passed,3,FALSE,Car_Stickers_Passed,Car_Stickers_Passed,branding_watermark,learning,Learning the hard way!
Car,Stickers,UK,1,FALSE,Car_Stickers_UK,Car_Stickers_UK,branding_watermark,learning,Learning the hard way!
Misc - Items,Bins,Biffa/Large Bin,2,FALSE,Misc - Items_Bins_Biffa/Large Bin,Misc - Items_Bins_Biffa,recycling,bin,It's bin a long time coming!
Misc - Items,Bins,Dog poo bin,2,FALSE,Misc - Items_Bins_Dog poo bin,Misc - Items_Bins_Dog poo,recycling,bin,It's bin a long time coming!
Misc - Items,Bins,Litter bin,2,FALSE,Misc - Items_Bins_Litter bin,Misc - Items_Bins_Litter,recycling,bin,It's bin a long time coming!
Misc - Items,Bins,Recycling Box Other,1,FALSE,Misc - Items_Bins_Recycling Box Other,Misc - Items_Bins_Recycling,recycling,bin,It's bin a long time coming!
Misc - Items,Bins,Skip,1,FALSE,Misc - Items_Bins_Skip,Misc - Items_Bins_Skip,recycling,bin|builder,It's bin a long time coming!|Bob the builder!
Misc - Items,Bins,Wheelie Black/Grey,1,FALSE,Misc - Items_Bins_Wheelie Black/Grey,Misc - Items_Bins_Wheelie Black,recycling,bin|rainbow,It's bin a long time coming!|Over the rainbow!
Misc - Items,Bins,Wheelie Brown,1,FALSE,Misc - Items_Bins_Wheelie Brown,Misc - Items_Bins_Wheelie Brown,recycling,bin|rainbow,It's bin a long time coming!|Over the rainbow!
Misc - Items,Bins,Wheelie Green,1,FALSE,Misc - Items_Bins_Wheelie Green,Misc - Items_Bins_Wheelie Green,recycling,bin|rainbow,It's bin a long time coming!|Over the rainbow!
Misc - Items,Bus Stops,Bus Stop (Pole only),1,FALSE,Misc - Items_Bus Stops_Bus Stop (Pole only),Misc - Items_Bus Stops_Bus Stop Pole,bus_map_pin,bus_coach,Bus-ted!
Misc - Items,Bus Stops,Bus Stop with Shelter,2,FALSE,Misc - Items_Bus Stops_Bus Stop with Shelter,Misc - Items_Bus Stops_Bus Stop Shelter,bus_map_pin,bus_coach,Bus-ted!
Misc - Items,Flags,Flag - Not Country Related,2,FALSE,Misc - Items_Flags_Flag - Not Country Related,Misc - Items_Flags_Flag - Not Country Related,flag,flying,Air today gone tomorrow!
Misc - Items,Flags,Flag - Other Country,3,FALSE,Misc - Items_Flags_Flag - Other Country,Misc - Items_Flags_Flag - Other Country,flag,flying,Air today gone tomorrow!
Misc - Items,Flags,Flag - St. Georges Cross,2,FALSE,Misc - Items_Flags_Flag - St. Georges Cross,Misc - Items_Flags_Flag - St. Georges Cross,flag,flying|rule,Air today gone tomorrow!|Rule Britannia!
Misc - Items,Flags,Flag - Union Jack,2,FALSE,Misc - Items_Flags_Flag - Union Jack,Misc - Items_Flags_Flag - Union Jack,flag,flying|rule,Air today gone tomorrow!|Rule Britannia!
Misc - Items,Objects,Bunting/Fairy Lights,2,FALSE,Misc - Items_Objects_Bunting/Fairy Lights,Misc - Items_Objects_Bunting_Fairy Lights,category,object,Object of desire!
Misc - Items,Objects,Detatched Tyre,1,FALSE,Misc - Items_Objects_Detatched Tyre,Misc - Items_Objects_Detatched Tyre,category,object|park_mate,Object of desire!|You can't park there mate!
Misc - Items,Objects,Door or Window Open,2,FALSE,Misc - Items_Objects_Door or Window Open,Misc - Items_Objects_Door_Window Open,category,location|object,Location location location!|Object of desire!
Misc - Items,Objects,Graffiti,1,FALSE,Misc - Items_Objects_Graffiti,Misc - Items_Objects_Graffiti,category,object,Object of desire!
Misc - Items,Objects,Ladder,1,FALSE,Misc - Items_Objects_Ladder,Misc - Items_Objects_Ladder,category,object,Object of desire!
Misc - Items,Objects,Lifesaving Ring,4,FALSE,Misc - Items_Objects_Lifesaving Ring,Misc - Items_Objects_Lifesaving Ring,category,object,Object of desire!
Misc - Items,Objects,Mirror Convex,3,FALSE,Misc - Items_Objects_Mirror Convex,Misc - Items_Objects_Mirror Convex,category,object,Object of desire!
Misc - Items,Objects,Portable toilet/Portaloo,3,FALSE,Misc - Items_Objects_Portable toilet/Portaloo,Misc - Items_Objects_Portaloo,category,object|builder,Object of desire!|Bob the builder!
Misc - Items,Objects,Post box,1,FALSE,Misc - Items_Objects_Post box,Misc - Items_Objects_Post box,category,object,Object of desire!
Misc - Items,Objects,Salt/Grit Container,2,FALSE,Misc - Items_Objects_Salt/Grit Container,Misc - Items_Objects_Salt Container,category,bin|object,It's bin a long time coming!|Object of desire!
Misc - Items,Objects,Speed camera,1,FALSE,Misc - Items_Objects_Speed camera,Misc - Items_Objects_Speed camera,category,speed_freak|object,Speed freak!Object of desire!
Misc - Items,Objects,Telephone box,2,FALSE,Misc - Items_Objects_Telephone box,Misc - Items_Objects_Telephone box,category,object,Object of desire!
Misc - Items,Objects,Washing/Clothes Hung Up,1,FALSE,Misc - Items_Objects_Washing/Clothes Hung Up,Misc - Items_Objects_Washing,category,location|object,Location location location!Object of desire!
Misc - Items,Objects,Wooden Pallets,1,FALSE,Misc - Items_Objects_Wooden Pallets,Misc - Items_Objects_Wooden Pallets,category,object,Object of desire!
Misc - Items,People,Hat,2,FALSE,Misc - Items_People_Hat,Misc - Items_People_Hat,person,,
Misc - Items,People,Jogger,2,FALSE,Misc - Items_People_Jogger,Misc - Items_People_Jogger,person,,
Misc - Items,People,Person on their phone,1,FALSE,Misc - Items_People_Person on their phone,Misc - Items_People_Doom_Scroll,person,wavelength,Same wavelength!
Misc - Items,Technology,CCTV Camera,1,FALSE,Misc - Items_Technology_CCTV Camera,Misc - Items_Technology_CCTV Camera,settings_input_antenna,wavelength,Same wavelength!
Misc - Items,Technology,Pylon (end),3,FALSE,Misc - Items_Technology_Pylon (end),Misc - Items_Technology_End Pylon,settings_input_antenna,wavelength,Same wavelength!
Misc - Items,Technology,Satellite Dish,1,FALSE,Misc - Items_Technology_Satellite Dish,Misc - Items_Technology_Satellite Dish,settings_input_antenna,location|wavelength,Location location location!|Same wavelength!
Misc - Items,Technology,Solar Panels,1,FALSE,Misc - Items_Technology_Solar Panels,Misc - Items_Technology_Solar Panels,settings_input_antenna,wavelength,Same wavelength!
Misc - Items,Technology,Wind Turbine,3,FALSE,Misc - Items_Technology_Wind Turbine,Misc - Items_Technology_Wind Turbine,settings_input_antenna,wavelength,Same wavelength!
Parks & Nature,Hay Bales,Covered,3,FALSE,Parks & Nature_Hay Bales_Covered,Parks & Nature_Hay Bales_Covered,wheat,farmer|naturel,Me and the farmer!|Au naturel!
Parks & Nature,Hay Bales,Uncovered,3,FALSE,Parks & Nature_Hay Bales_Uncovered,Parks & Nature_Hay Bales_Uncovered,wheat,farmer|naturel,Me and the farmer!|Au naturel!
Parks & Nature,The Outdoors,Expanse of water,1,FALSE,Parks & Nature_The Outdoors_Expanse of water,Parks & Nature_The Outdoors_Expanse of water,park,naturel,Au naturel!
Parks & Nature,The Outdoors,Flowers,1,FALSE,Parks & Nature_The Outdoors_Flowers,Parks & Nature_The Outdoors_Flowers,park,naturel,Au naturel!
Parks & Nature,The Outdoors,Mistletoe,2,FALSE,Parks & Nature_The Outdoors_Mistletoe,Parks & Nature_The Outdoors_Mistletoe,park,naturel,Au naturel!
Parks & Nature,The Outdoors,Plastic bag in tree,1,FALSE,Parks & Nature_The Outdoors_Plastic bag in tree,Parks & Nature_The Outdoors_Plastic bage,park,naturel,Au naturel!
Parks & Nature,Playground,Ball,3,FALSE,Parks & Nature_Playground_Ball,Parks & Nature_Playground_Ball,child_care,naturel,Au naturel!
Parks & Nature,Playground,Equipment,2,FALSE,Parks & Nature_Playground_Equipment,Parks & Nature_Playground_Equipment,child_care,naturel,Au naturel!
Parks & Nature,Playground,Football Posts,2,FALSE,Parks & Nature_Playground_Football Posts,Parks & Nature_Playground_Football Posts,child_care,naturel,Au naturel!
Road,Floor Markings,Bus Lane/Stop,1,FALSE,Road_Floor Markings_Bus Lane/Stop,Road_Floor Markings_Bus Lane/Stop,road,bus_coach|middle_road,Bus-ted!|Middle of the road!
Road,Floor Markings,Double Yellow Lines,1,FALSE,Road_Floor Markings_Double Yellow Lines,Road_Floo Markingsr_Double Yellow Lines,road,rainbow|middle_road,Over the rainbow!|Middle of the road!
Road,Floor Markings,Keep Clear/No Entry,1,FALSE,Road_Floor Markings_Keep Clear/No Entry,Road_Floo Markingsr_Keep Clear_No Entry,road,middle_road,Middle of the road!
Road,Floor Markings,Road kill,2,FALSE,Road_Floor Markings_Road kill,Road_Floor Markings_Road kill,road,middle_road|park_mate,Middle of the road!|You can't park there mate!
Road,Floor Markings,Rumble Strip/Speed Bump,1,FALSE,Road_Floor Markings_Rumble Strip/Speed Bump,Road_Floor Markings_Speed Bump,road,speed_freak|middle_road,Speed freak!|Middle of the road!
Road,Floor Markings,Slow,1,FALSE,Road_Floor Markings_Slow,Road_Floor Markings_Slow,road,middle_road,Middle of the road!
Road,Floor Markings,Speed Limit (Any),1,FALSE,Road_Floor Markings_Speed Limit (Any),Road_Floor Markings_Speed Limit (Any),road,speed_freak|middle_road,Speed freak!|Middle of the road!
Road,Floor Markings,Yellow Box Junction,2,FALSE,Road_Floor Markings_Yellow Box Junction,Road_Floor Markings_Yellow Box Junction,road,rainbow|middle_road,Over the rainbow!|Middle of the road!
Road,Floor Markings,Zebra crossing,1,FALSE,Road_Floor Markings_Zebra crossing,Road_Floor Markings_Zebra crossing,road,middle_road|animals,Middle of the road!|Animals crackers!
Road,Traffic Cones,Blue,2,FALSE,Road_Traffic Cones_Blue,Road_Traffic Cones_Blue,warning,cone_head|rainbow|builder,Cone head!|Over the rainbow!|Bob the builder!
Road,Traffic Cones,Green,3,FALSE,Road_Traffic Cones_Green,Road_Traffic Cones_Green,warning,cone_head|rainbow|builder,Cone head!|Over the rainbow!|Bob the builder!
Road,Traffic Cones,Orange,1,FALSE,Road_Traffic Cones_Orange,Road_Traffic Cones_Orange,warning,cone_head|rainbow|builder,Cone head!|Over the rainbow!|Bob the builder!
Road,Traffic Cones,With Light on Top,3,FALSE,Road_Traffic Cones_With Light on Top,Road_Traffic Cones_Light on Top,warning,cone_head|builder,Cone head!|Bob the builder!
Road,Traffic Cones,Yellow,2,FALSE,Road_Traffic Cones_Yellow,Road_Traffic Cones_Yellow,warning,cone_head|rainbow|builder,Cone head!|Over the rainbow!|Bob the builder!
Signs,Distances,Miles: < 01 (Fraction),1,FALSE,Signs_Distances_Miles: < 01 (Fraction),Signs_Distances_Miles: < 01 (Fraction),signpost,distance,Long distance runner!
Signs,Distances,Miles: 01-05,1,FALSE,Signs_Distances_Miles: 01-05,Signs_Distances_Miles: 01-05,signpost,distance,Long distance runner!
Signs,Distances,Miles: 06-10,1,FALSE,Signs_Distances_Miles: 06-10,Signs_Distances_Miles: 06-10,signpost,distance,Long distance runner!
Signs,Distances,Miles: 10-19,1,FALSE,Signs_Distances_Miles: 10-19,Signs_Distances_Miles: 10-19,signpost,distance,Long distance runner!
Signs,Distances,Miles: 20-29,1,FALSE,Signs_Distances_Miles: 20-29,Signs_Distances_Miles: 20-29,signpost,distance,Long distance runner!
Signs,Distances,Miles: 30-39,1,FALSE,Signs_Distances_Miles: 30-39,Signs_Distances_Miles: 30-39,signpost,distance,Long distance runner!
Signs,Distances,Miles: 40-49,1,FALSE,Signs_Distances_Miles: 40-49,Signs_Distances_Miles: 40-49,signpost,distance,Long distance runner!
Signs,Distances,Miles: 50+,2,FALSE,Signs_Distances_Miles: 50+,Signs_Distances_Miles: 50+,signpost,distance,Long distance runner!
Signs,Estate Agent,For Sale,1,FALSE,Signs_Estate Agent_For Sale,Signs_Estate Agent_For Sale,house,location,Location location location!
Signs,Estate Agent,Sold,1,FALSE,Signs_Estate Agent_Sold,Signs_Estate Agent_Sold,house,location,Location location location!
Signs,Estate Agent,To Let/Let,1,FALSE,Signs_Estate Agent_To Let/Let,Signs_Estate Agent_To Let_Let,house,location,Location location location!
Signs,Highway Code,Speed 05/15,3,FALSE,Signs_Highway Code_Speed 05/15,Signs_Highway Code_Speed 5 or 15,speed,speed_freak|highway,Speed freak!|Highway robbery!
Signs,Highway Code,Speed 10,2,FALSE,Signs_Highway Code_Speed 10,Signs_Highway Code_Speed 10,speed,speed_freak|highway,Speed freak!|Highway robbery!
Signs,Highway Code,Speed 20,3,FALSE,Signs_Highway Code_Speed 20,Signs_Highway Code_Speed 20,speed,speed_freak|highway,Speed freak!|Highway robbery!
Signs,Highway Code,Speed 30,1,FALSE,Signs_Highway Code_Speed 30,Signs_Highway Code_Speed 30,speed,speed_freak|highway,Speed freak!|Highway robbery!
Signs,Highway Code,Speed 40,1,FALSE,Signs_Highway Code_Speed 40,Signs_Highway Code_Speed 40,speed,speed_freak|highway,Speed freak!|Highway robbery!
Signs,Highway Code,Speed 50,1,FALSE,Signs_Highway Code_Speed 50,Signs_Highway Code_Speed 50,speed,speed_freak|highway,Speed freak!|Highway robbery!
Signs,Highway Code,Speed 60,3,FALSE,Signs_Highway Code_Speed 60,Signs_Highway Code_Speed 60,speed,speed_freak|highway,Speed freak!|Highway robbery!
Signs,Highway Code,Average Speed Check,2,FALSE,Signs_Highway Code_Average Speed Check,Signs_Highway Code_Average Speed Check,speed,speed_freak|highway,Speed freak!|Highway robbery!
Signs,Highway Code,National Speed Limit,1,FALSE,Signs_Highway Code_National Speed Limit,Signs_Highway Code_National Speed Limit,speed,speed_freak|highway,Speed freak!|Highway robbery!
Signs,Highway Code,Reduce Speed Now,2,FALSE,Signs_Highway Code_Reduce Speed Now,Signs_Highway Code_Reduce Speed Now,speed,highway,Highway robbery!
Signs,Highway Code,Aeroplane/Airport,1,FALSE,Signs_Highway Code_Aeroplane/Airport,Signs_Highway Code_Aeroplane or Airport,report,flying|highway,Air today gone tomorrow!|Highway robbery!
Signs,Highway Code,Animal,2,FALSE,Signs_Highway Code_Animal,Signs_Highway Code_Animal,report,highway|animals,Highway robbery!|Animals crackers!
Signs,Highway Code,Bend to Left/Right,1,FALSE,Signs_Highway Code_Bend to Left/Right,Signs_Highway Code_Bend to Left or Right,report,highway,Highway robbery!
Signs,Highway Code,Blank,2,FALSE,Signs_Highway Code_Blank,Signs_Highway Code_Blank,report,highway,Highway robbery!
Signs,Highway Code,Diverted Traffic,1,FALSE,Signs_Highway Code_Diverted Traffic,Signs_Highway Code_Diverted Traffic,report,highway|builder,Highway robbery!|Bob the builder!
Signs,Highway Code,Exclamation Mark,1,FALSE,Signs_Highway Code_Exclamation Mark,Signs_Highway Code_Exclamation Mark,report,highway,Highway robbery!
Signs,Highway Code,Horse-riding,2,FALSE,Signs_Highway Code_Horse-riding,Signs_Highway Code_Horse-riding,report,highway|animals,Highway robbery!|Animals crackers!
Signs,Highway Code,Human Figure in it,1,FALSE,Signs_Highway Code_Human Figure in it,Signs_Highway Code_Human Figure,report,highway,Highway robbery!
Signs,Highway Code,Junction on Bend Ahead,1,FALSE,Signs_Highway Code_Junction on Bend Ahead,Signs_Highway Code_Junction on Bend Ahead,report,highway,Highway robbery!
Signs,Highway Code,Men At Work,1,FALSE,Signs_Highway Code_Men At Work,Signs_Highway Code_Men At Work,report,highway|builder,Highway robbery!|Bob the builder!
Signs,Highway Code,Queues Likely,1,FALSE,Signs_Highway Code_Queues Likely,Signs_Highway Code_Queues Likely,report,highway,Highway robbery!
Signs,Highway Code,Roundabout,1,FALSE,Signs_Highway Code_Roundabout,Signs_Highway Code_Roundabout,report,highway,Highway robbery!
Signs,Highway Code,Sandbag weight,1,FALSE,Signs_Highway Code_Sandbag weight,Signs_Highway Code_Sandbag,report,cone_head|highway,Cone head!|Highway robbery!
Signs,Highway Code,School,1,FALSE,Signs_Highway Code_School,Signs_Highway Code_School,report,highway,Highway robbery!
Signs,Highway Code,Slippery Road,1,FALSE,Signs_Highway Code_Slippery Road,Signs_Highway Code_Slippery Road,report,highway,Highway robbery!
Signs,Highway Code,Traffic Merging,1,FALSE,Signs_Highway Code_Traffic Merging,Signs_Highway Code_Traffic Merging,report,highway,Highway robbery!
Signs,Highway Code,Uneven Road - Double Hump,1,FALSE,Signs_Highway Code_Uneven Road - Double Hump,Signs_Highway Code_Uneven Road Double,report,highway,Highway robbery!
Signs,Highway Code,Uneven Road - Single Hump,1,FALSE,Signs_Highway Code_Uneven Road - Single Hump,Signs_Highway Code_Uneven Road Single,report,highway,Highway robbery!
Signs,Highway Code,Give Way,1,FALSE,Signs_Highway Code_Give Way,Signs_Highway Code_Give Way,rule,highway,Highway robbery!
Signs,Highway Code,Height/Width Restriction,2,FALSE,Signs_Highway Code_Height/Width Restriction,Signs_Highway Code_Height/Width Restriction,rule,highway,Highway robbery!
Signs,Highway Code,No Entry,1,FALSE,Signs_Highway Code_No Entry,Signs_Highway Code_No Entry,rule,highway,Highway robbery!
Signs,Highway Code,No Left/Right Turn,1,FALSE,Signs_Highway Code_No Left/Right Turn,Signs_Highway Code_No Left/Right Turn,rule,highway,Highway robbery!
Signs,Highway Code,No Stopping,1,FALSE,Signs_Highway Code_No Stopping,Signs_Highway Code_No Stopping,rule,highway,Highway robbery!
Signs,Highway Code,Permit Holders Parking,1,FALSE,Signs_Highway Code_Permit Holders Parking,Signs_Highway Code_Permit Parking,rule,highway,Highway robbery!
Signs,Highway Code,Priority Right of Way,2,FALSE,Signs_Highway Code_Priority Right of Way,Signs_Highway Code_Priority,rule,highway,Highway robbery!
Signs,Highway Code,Weight Restriction,2,FALSE,Signs_Highway Code_Weight Restriction,Signs_Highway Code_Weight Restriction,rule,highway,Highway robbery!
Signs,Highway Code,Countdown Markers,1,FALSE,Signs_Highway Code_Countdown Markers,Signs_Highway Code_Countdown Markers,info,highway,Highway robbery!
Signs,Highway Code,Hospital (Blue),2,FALSE,Signs_Highway Code_Hospital (Blue),Signs_Highway Code_Hospital Blue,info,highway|rainbow,Highway robbery!|Over the rainbow!
Signs,Highway Code,Hospital (Red),2,FALSE,Signs_Highway Code_Hospital (Red),Signs_Highway Code_Hospital Red,info,highway|rainbow,Highway robbery!|Over the rainbow!
Signs,Highway Code,No Through Road,1,FALSE,Signs_Highway Code_No Through Road,Signs_Highway Code_No Through Road,info,highway,Highway robbery!
Signs,Highway Code,Railway,2,FALSE,Signs_Highway Code_Railway,Signs_Highway Code_Railway,info,highway,Highway robbery!
Signs,Highway Code,SOS,1,FALSE,Signs_Highway Code_SOS,Signs_Highway Code_SOS,info,highway|park_mate,Highway robbery!|You can't park there mate!
Signs,Highway Code,Speed Camera,1,FALSE,Signs_Highway Code_Speed Camera,Signs_Highway Code_Speed Camera,info,speed_freak|highway,Speed freak!|Highway robbery!
Signs,Highway Code,Welcome to…,3,FALSE,Signs_Highway Code_Welcome to…,Signs_Highway Code_Welcome to…,info,highway,Highway robbery!
Signs,Highway Code,Please Drive Carefully,2,FALSE,Signs_Highway Code_Please Drive Carefully,Signs_Highway Code_Please Drive Carefully,info,highway,Highway robbery!
Signs,Highway Code,Tourism Sign - No Writing,1,FALSE,Signs_Highway Code_Tourism Sign - No Writing,Signs_Highway Code_Tourism Sign - No Writing,info,highway|rainbow,Highway robbery!|Over the rainbow!
Signs,Highway Code,Tourism Sign - With Writing,1,FALSE,Signs_Highway Code_Tourism Sign - With Writing,Signs_Highway Code_Tourism Sign - With Writing,info,highway|rainbow,Highway robbery!|Over the rainbow!
Signs,Orange Diversion Routes,Circle - Solid,1,FALSE,Signs_Orange Diversion Routes_Circle - Solid,Signs_Orange Diversion Routes_Circle - Solid,category,orange_black|rainbow,Orange is the new black!|Over the rainbow!
Signs,Orange Diversion Routes,Circle,1,FALSE,Signs_Orange Diversion Routes_Circle,Signs_Orange Diversion Routes_Circle,category,orange_black|rainbow,Orange is the new black!|Over the rainbow!
Signs,Orange Diversion Routes,Cross (X),3,FALSE,Signs_Orange Diversion Routes_Cross (X),Signs_Orange Diversion Routes_Cross (X),category,orange_black|rainbow,Orange is the new black!|Over the rainbow!
Signs,Orange Diversion Routes,Diamond - Solid,1,FALSE,Signs_Orange Diversion Routes_Diamond - Solid,Signs_Orange Diversion Routes_Diamond - Solid,category,orange_black|rainbow,Orange is the new black!|Over the rainbow!
Signs,Orange Diversion Routes,Diamond,1,FALSE,Signs_Orange Diversion Routes_Diamond,Signs_Orange Diversion Routes_Diamond,category,orange_black|rainbow,Orange is the new black!|Over the rainbow!
Signs,Orange Diversion Routes,Square - Solid,1,FALSE,Signs_Orange Diversion Routes_Square - Solid,Signs_Orange Diversion Routes_Square - Solid,category,orange_black|rainbow,Orange is the new black!|Over the rainbow!
Signs,Orange Diversion Routes,Square,1,FALSE,Signs_Orange Diversion Routes_Square,Signs_Orange Diversion Routes_Square,category,orange_black|rainbow,Orange is the new black!|Over the rainbow!
Signs,Orange Diversion Routes,Triangle - Solid,1,FALSE,Signs_Orange Diversion Routes_Triangle - Solid,Signs_Orange Diversion Routes_Triangle - Solid,category,orange_black|rainbow,Orange is the new black!|Over the rainbow!
Signs,Orange Diversion Routes,Triangle,1,FALSE,Signs_Orange Diversion Routes_Triangle,Signs_Orange Diversion Routes_Triangle,category,orange_black|rainbow,Orange is the new black!|Over the rainbow!
Signs,Road Names,Avenue/Court/Crescent,2,FALSE,Signs_Road Names_Avenue/Court/Crescent,Signs_Road Names_Avenue/Court/Crescent,add_road,location,Location location location!
Signs,Road Names,Close,2,FALSE,Signs_Road Names_Close,Signs_Road Names_Close,add_road,location,Location location location!
Signs,Road Names,Lane,2,FALSE,Signs_Road Names_Lane,Signs_Road Names_Lane,add_road,location,Location location location!
Signs,Road Names,Road,1,FALSE,Signs_Road Names_Road,Signs_Road Names_Road,add_road,location,Location location location!
Signs,Road Names,Street,1,FALSE,Signs_Road Names_Street,Signs_Road Names_Street,add_road,location,Location location location!
Signs,Road Names,Way,2,FALSE,Signs_Road Names_Way,Signs_Road Names_Way,add_road,location,Location location location!
Van,Delivery,DHL,1,FALSE,Van_Delivery_DHL,Van_Delivery_DHL,local_shipping,stand_deliver,Stand and deliver!
Van,Delivery,DPD Blue (Local),2,FALSE,Van_Delivery_DPD Blue (Local),Van_Delivery_DPD Blue (Local),local_shipping,stand_deliver|rainbow,Stand and deliver!|Over the rainbow!
Van,Delivery,DPD Red (National),1,FALSE,Van_Delivery_DPD Red (National),Van_Delivery_DPD Red (National),local_shipping,stand_deliver|rainbow,Stand and deliver!|Over the rainbow!
Van,Delivery,Evri/Hermes,1,FALSE,Van_Delivery_Evri/Hermes,Van_Delivery_Evri/Hermes,local_shipping,stand_deliver,Stand and deliver!
Van,Delivery,FedEx/UPS,4,FALSE,Van_Delivery_FedEx/UPS,Van_Delivery_FedEx/UPS,local_shipping,stand_deliver,Stand and deliver!
Van,Delivery,Gist,1,FALSE,Van_Delivery_Gist,Van_Delivery_Gist,local_shipping,stand_deliver,Stand and deliver!
Van,Delivery,Parcel Force,2,FALSE,Van_Delivery_Parcel Force,Van_Delivery_Parcel Force,local_shipping,stand_deliver,Stand and deliver!
Van,Delivery,Royal Mail,1,FALSE,Van_Delivery_Royal Mail,Van_Delivery_Royal Mail,local_shipping,stand_deliver,Stand and deliver!
Van,Delivery,Yodel,1,FALSE,Van_Delivery_Yodel,Van_Delivery_Yodel,local_shipping,stand_deliver,Stand and deliver!
Van,External Signs,Blind Spot Take Care,2,FALSE,Van_External Signs_Blind Spot Take Care,Van_External Signs_Blind Spot Take Care,directions_car,,
Van,External Signs,Flammable Sign,1,FALSE,Van_External Signs_Flammable Sign,Van_External Signs_Flammable Sign,directions_car,fuel,Fuel the imagination!
Van,External Signs,Poppy,2,FALSE,Van_External Signs_Poppy,Van_External Signs_Poppy,directions_car,poppy,Lest we forget!
Van,External Signs,Union Jack on truck,1,FALSE,Van_External Signs_Union Jack on truck,Van_External Signs_Union Jack,directions_car,rule,Rule Britannia!
Van,Haulage & Logistics,A2B Online,1,FALSE,Van_Haulage & Logistics_A2B Online,Van_Haulage & Logistics_A2B Online,local_shipping,long_haul,In it for the long haul!
Van,Haulage & Logistics,AA,1,FALSE,Van_Haulage & Logistics_AA,Van_Haulage & Logistics_AA,auto_towing,long_haul|park_mate,In it for the long haul!|You can't park there mate!
Van,Haulage & Logistics,Best,1,FALSE,Van_Haulage & Logistics_Best,Van_Haulage & Logistics_Best,local_shipping,long_haul,In it for the long haul!
Van,Haulage & Logistics,Bodyless,2,FALSE,Van_Haulage & Logistics_Bodyless,Van_Haulage & Logistics_Bodyless,local_shipping,long_haul,In it for the long haul!
Van,Haulage & Logistics,Boughey,1,FALSE,Van_Haulage & Logistics_Boughey,Van_Haulage & Logistics_Boughey,local_shipping,long_haul,In it for the long haul!
Van,Haulage & Logistics,Brakes,1,FALSE,Van_Haulage & Logistics_Brakes,Van_Haulage & Logistics_Brakes,local_shipping,long_haul,In it for the long haul!
Van,Haulage & Logistics,Culina: Culina,1,FALSE,Van_Haulage & Logistics_Culina: Culina,Van_Haulage & Logistics_Culina: Culina,local_shipping,long_haul,In it for the long haul!
Van,Haulage & Logistics,Culina: Fowler Welch,1,FALSE,Van_Haulage & Logistics_Culina: Fowler Welch,Van_Haulage & Logistics_Culina: Fowler Welch,local_shipping,long_haul,In it for the long haul!
Van,Haulage & Logistics,Culina: Great Bear,1,FALSE,Van_Haulage & Logistics_Culina: Great Bear,Van_Haulage & Logistics_Culina: Great Bear,local_shipping,long_haul,In it for the long haul!
Van,Haulage & Logistics,Culina: Stobart,1,FALSE,Van_Haulage & Logistics_Culina: Stobart,Van_Haulage & Logistics_Culina: Stobart,local_shipping,long_haul,In it for the long haul!
Van,Haulage & Logistics,Culina: Warrens,1,FALSE,Van_Haulage & Logistics_Culina: Warrens,Van_Haulage & Logistics_Culina: Warrens,local_shipping,long_haul,In it for the long haul!
Van,Haulage & Logistics,DFDS,1,FALSE,Van_Haulage & Logistics_DFDS,Van_Haulage & Logistics_DFDS,local_shipping,long_haul,In it for the long haul!
Van,Haulage & Logistics,Discordia,2,FALSE,Van_Haulage & Logistics_Discordia,Van_Haulage & Logistics_Discordia,local_shipping,long_haul,In it for the long haul!
Van,Haulage & Logistics,Eddie Stobart (Original),1,FALSE,Van_Haulage & Logistics_Eddie Stobart (Original),Van_Haulage & Logistics_Eddie Stobart (Original),local_shipping,long_haul,In it for the long haul!
Van,Haulage & Logistics,Ellerman,3,FALSE,Van_Haulage & Logistics_Ellerman,Van_Haulage & Logistics_Ellerman,local_shipping,long_haul,In it for the long haul!
Van,Haulage & Logistics,Evergreen,2,FALSE,Van_Haulage & Logistics_Evergreen,Van_Haulage & Logistics_Evergreen,local_shipping,long_haul,In it for the long haul!
Van,Haulage & Logistics,FreshLinc Haulage,1,FALSE,Van_Haulage & Logistics_FreshLinc Haulage,Van_Haulage & Logistics_FreshLinc Haulage,local_shipping,long_haul,In it for the long haul!
Van,Haulage & Logistics,Gregory,1,FALSE,Van_Haulage & Logistics_Gregory,Van_Haulage & Logistics_Gregory,local_shipping,long_haul,In it for the long haul!
Van,Haulage & Logistics,GXO Logistics,1,FALSE,Van_Haulage & Logistics_GXO Logistics,Van_Haulage & Logistics_GXO Logistics,local_shipping,long_haul,In it for the long haul!
Van,Haulage & Logistics,H.Z. Logistics,1,FALSE,Van_Haulage & Logistics_H.Z. Logistics,Van_Haulage & Logistics_H.Z. Logistics,local_shipping,long_haul,In it for the long haul!
Van,Haulage & Logistics,Hapag-Lloyd (Orange/Blue),1,FALSE,Van_Haulage & Logistics_Hapag-Lloyd (Orange/Blue),Van_Haulage & Logistics_Hapag-Lloyd (Orange/Blue),local_shipping,long_haul,In it for the long haul!
Van,Haulage & Logistics,Hapag-Lloyd (White/Blue),1,FALSE,Van_Haulage & Logistics_Hapag-Lloyd (White/Blue),Van_Haulage & Logistics_Hapag-Lloyd (White/Blue),local_shipping,long_haul,In it for the long haul!
Van,Haulage & Logistics,Heidelberg Materials,4,FALSE,Van_Haulage & Logistics_Heidelberg Materials,Van_Haulage & Logistics_Heidelberg Materials,local_shipping,long_haul,In it for the long haul!
Van,Haulage & Logistics,Lenham Storage,1,FALSE,Van_Haulage & Logistics_Lenham Storage,Van_Haulage & Logistics_Lenham Storage,local_shipping,long_haul,In it for the long haul!
Van,Haulage & Logistics,MAERSK,1,FALSE,Van_Haulage & Logistics_MAERSK,Van_Haulage & Logistics_MAERSK,local_shipping,long_haul,In it for the long haul!
Van,Haulage & Logistics,Maritime,1,FALSE,Van_Haulage & Logistics_Maritime,Van_Haulage & Logistics_Maritime,local_shipping,long_haul,In it for the long haul!
Van,Haulage & Logistics,Moran Logistics,1,FALSE,Van_Haulage & Logistics_Moran Logistics,Van_Haulage & Logistics_Moran Logistics,local_shipping,long_haul,In it for the long haul!
Van,Haulage & Logistics,MSC,1,FALSE,Van_Haulage & Logistics_MSC,Van_Haulage & Logistics_MSC,local_shipping,long_haul,In it for the long haul!
Van,Haulage & Logistics,Nicholls Transport,1,FALSE,Van_Haulage & Logistics_Nicholls Transport,Van_Haulage & Logistics_Nicholls Transport,local_shipping,long_haul,In it for the long haul!
Van,Haulage & Logistics,Owens,2,FALSE,Van_Haulage & Logistics_Owens,Van_Haulage & Logistics_Owens,local_shipping,long_haul,In it for the long haul!
Van,Haulage & Logistics,Petrol Tanker,1,FALSE,Van_Haulage & Logistics_Petrol Tanker,Van_Haulage & Logistics_Petrol Tanker,local_shipping,long_haul|fuel,In it for the long haul!|Fuel the imagination!
Van,Haulage & Logistics,Power (Electric/Gas),1,FALSE,Van_Haulage & Logistics_Power (Electric/Gas),Van_Haulage & Logistics_Electric/Gas,local_shipping,long_haul,In it for the long haul!
Van,Haulage & Logistics,PrimaFrio,1,FALSE,Van_Haulage & Logistics_PrimaFrio,Van_Haulage & Logistics_PrimaFrio,local_shipping,long_haul,In it for the long haul!
Van,Haulage & Logistics,RAC,1,FALSE,Van_Haulage & Logistics_RAC,Van_Haulage & Logistics_RAC,auto_towing,long_haul|park_mate,In it for the long haul!|You can't park there mate!
Van,Haulage & Logistics,RB (Reed Boardall),1,FALSE,Van_Haulage & Logistics_RB (Reed Boardall),Van_Haulage & Logistics_RB (Reed Boardall),local_shipping,long_haul,In it for the long haul!
Van,Haulage & Logistics,Reynolds,1,FALSE,Van_Haulage & Logistics_Reynolds,Van_Haulage & Logistics_Reynolds,local_shipping,long_haul,In it for the long haul!
Van,Haulage & Logistics,ROMAC,1,FALSE,Van_Haulage & Logistics_ROMAC,Van_Haulage & Logistics_ROMAC,local_shipping,long_haul,In it for the long haul!
Van,Haulage & Logistics,SITRA,1,FALSE,Van_Haulage & Logistics_SITRA,Van_Haulage & Logistics_SITRA,local_shipping,long_haul,In it for the long haul!
Van,Haulage & Logistics,Turners Transport,1,FALSE,Van_Haulage & Logistics_Turners Transport,Van_Haulage & Logistics_Turners Transport,local_shipping,long_haul,In it for the long haul!
Van,Haulage & Logistics,Waberer’s,1,FALSE,Van_Haulage & Logistics_Waberer’s,Van_Haulage & Logistics_Waberer’s,local_shipping,long_haul,In it for the long haul!
Van,Haulage & Logistics,Water Company,1,FALSE,Van_Haulage & Logistics_Water Company,Van_Haulage & Logistics_Water,local_shipping,long_haul,In it for the long haul!
Van,Haulage & Logistics,Weaver,2,FALSE,Van_Haulage & Logistics_Weaver,Van_Haulage & Logistics_Weaver,local_shipping,long_haul,In it for the long haul!
Van,Haulage & Logistics,Whistl,1,FALSE,Van_Haulage & Logistics_Whistl,Van_Haulage & Logistics_Whistl,local_shipping,long_haul,In it for the long haul!
Van,Haulage & Logistics,XPO Logistics,1,FALSE,Van_Haulage & Logistics_XPO Logistics,Van_Haulage & Logistics_XPO Logistics,local_shipping,long_haul,In it for the long haul!
Van,Haulage & Logistics,YANG MING,3,FALSE,Van_Haulage & Logistics_YANG MING,Van_Haulage & Logistics_YANG,local_shipping,long_haul,In it for the long haul!
Van,Makes,DAF,1,FALSE,Van_Makes_DAF,Van_Makes_DAF,badge,vans_man,A vans man!
Van,Makes,IVECO,1,FALSE,Van_Makes_IVECO,Van_Makes_IVECO,badge,vans_man,A vans man!
Van,Makes,KRONE,1,FALSE,Van_Makes_KRONE,Van_Makes_KRONE,badge,vans_man,A vans man!
Van,Makes,LAWRENCE DAVID,2,FALSE,Van_Makes_LAWRENCE DAVID,Van_Makes_LAWRENCE DAVID,badge,vans_man,A vans man!
Van,Makes,MAN,1,FALSE,Van_Makes_MAN,Van_Makes_MAN,badge,vans_man,A vans man!
Van,Makes,MERCEDES-BENZ,1,FALSE,Van_Makes_MERCEDES-BENZ,Van_Makes_MERCEDES-BENZ,badge,vans_man,A vans man!
Van,Makes,SCANIA,1,FALSE,Van_Makes_SCANIA,Van_Makes_SCANIA,badge,vans_man,A vans man!
Van,Makes,SCHMITZ,1,FALSE,Van_Makes_SCHMITZ,Van_Makes_SCHMITZ,badge,vans_man,A vans man!
Van,Makes,VOLVO,1,FALSE,Van_Makes_VOLVO,Van_Makes_VOLVO,badge,vans_man,A vans man!
Van,Retail,Amazon Prime,1,FALSE,Van_Retail_Amazon Prime,Van_Retail_Amazon Prime,shopping_bag,retail_therapy,Retail therapy!
Van,Retail,Argos,2,FALSE,Van_Retail_Argos,Van_Retail_Argos,shopping_bag,retail_therapy,Retail therapy!
Van,Retail,Arla,2,FALSE,Van_Retail_Arla,Van_Retail_Arla,shopping_bag,retail_therapy,Retail therapy!
Van,Retail,B&M,1,FALSE,Van_Retail_B&M,Van_Retail_B&M,shopping_bag,retail_therapy,Retail therapy!
Van,Retail,B&Q,1,FALSE,Van_Retail_B&Q,Van_Retail_B&Q,shopping_bag,retail_therapy,Retail therapy!
Van,Retail,COSTCO,2,FALSE,Van_Retail_COSTCO,Van_Retail_COSTCO,shopping_bag,retail_therapy,Retail therapy!
Van,Retail,Crisps/Biscuits,1,FALSE,Van_Retail_Crisps/Biscuits,Van_Retail_Crisps/Biscuits,shopping_bag,retail_therapy,Retail therapy!
Van,Retail,Downton/Heygates,3,FALSE,Van_Retail_Downton/Heygates,Van_Retail_Downton/Heygates,shopping_bag,retail_therapy,Retail therapy!
Van,Retail,Enterprise,1,FALSE,Van_Retail_Enterprise,Van_Retail_Enterprise,shopping_bag,retail_therapy,Retail therapy!
Van,Retail,Fast Food Truck,1,FALSE,Van_Retail_Fast Food Truck,Van_Retail_Fast Food Truck,shopping_bag,retail_therapy,Retail therapy!
Van,Retail,Greggs,1,FALSE,Van_Retail_Greggs,Van_Retail_Greggs,shopping_bag,retail_therapy,Retail therapy!
Van,Retail,Home Bargains,1,FALSE,Van_Retail_Home Bargains,Van_Retail_Home Bargains,shopping_bag,retail_therapy,Retail therapy!
Van,Retail,Hovis,1,FALSE,Van_Retail_Hovis,Van_Retail_Hovis,shopping_bag,retail_therapy|bread,Retail therapy!|Bread and butter!
Van,Retail,John Lewis,1,FALSE,Van_Retail_John Lewis,Van_Retail_John Lewis,shopping_bag,retail_therapy,Retail therapy!
Van,Retail,Kingsmill,1,FALSE,Van_Retail_Kingsmill,Van_Retail_Kingsmill,shopping_bag,retail_therapy|bread,Retail therapy!|Bread and butter!
Van,Retail,Menzies,1,FALSE,Van_Retail_Menzies,Van_Retail_Menzies,shopping_bag,retail_therapy,Retail therapy!
Van,Retail,Müller,1,FALSE,Van_Retail_Müller,Van_Retail_Müller,shopping_bag,retail_therapy,Retail therapy!
Van,Retail,Next,1,FALSE,Van_Retail_Next,Van_Retail_Next,shopping_bag,retail_therapy,Retail therapy!
Van,Retail,Oakland,2,FALSE,Van_Retail_Oakland,Van_Retail_Oakland,shopping_bag,retail_therapy,Retail therapy!
Van,Retail,Poundland,1,FALSE,Van_Retail_Poundland,Van_Retail_Poundland,shopping_bag,retail_therapy,Retail therapy!
Van,Retail,Samworth Brothers,1,FALSE,Van_Retail_Samworth Brothers,Van_Retail_Samworth Brothers,shopping_bag,retail_therapy,Retail therapy!
Van,Retail,TK Maxx,2,FALSE,Van_Retail_TK Maxx,Van_Retail_TK Maxx,shopping_bag,retail_therapy,Retail therapy!
Van,Retail,Warburtons,1,FALSE,Van_Retail_Warburtons,Van_Retail_Warburtons,shopping_bag,retail_therapy|bread,Retail therapy!|Bread and butter!
Van,Supermarkets,Aldi,1,FALSE,Van_Supermarkets_Aldi,Van_Supermarkets_Aldi,shopping_cart,little_help,Every little helps!
Van,Supermarkets,ASDA,1,FALSE,Van_Supermarkets_ASDA,Van_Supermarkets_ASDA,shopping_cart,little_help,Every little helps!
Van,Supermarkets,Co-Op,2,FALSE,Van_Supermarkets_Co-Op,Van_Supermarkets_Co-Op,shopping_cart,little_help,Every little helps!
Van,Supermarkets,Iceland,1,FALSE,Van_Supermarkets_Iceland,Van_Supermarkets_Iceland,shopping_cart,little_help,Every little helps!
Van,Supermarkets,Lidl,1,FALSE,Van_Supermarkets_Lidl,Van_Supermarkets_Lidl,shopping_cart,little_help,Every little helps!
Van,Supermarkets,Marks & Spencer,1,FALSE,Van_Supermarkets_Marks & Spencer,Van_Supermarkets_Marks & Spencer,shopping_cart,little_help,Every little helps!
Van,Supermarkets,Morrisons,1,FALSE,Van_Supermarkets_Morrisons,Van_Supermarkets_Morrisons,shopping_cart,little_help,Every little helps!
Van,Supermarkets,Ocado,1,FALSE,Van_Supermarkets_Ocado,Van_Supermarkets_Ocado,shopping_cart,little_help,Every little helps!
Van,Supermarkets,Sainsbury’s,1,FALSE,Van_Supermarkets_Sainsbury’s,Van_Supermarkets_Sainsbury’s,shopping_cart,little_help,Every little helps!
Van,Supermarkets,TESCO,1,FALSE,Van_Supermarkets_TESCO,Van_Supermarkets_TESCO,shopping_cart,little_help,Every little helps!
Van,Supermarkets,Waitrose,1,FALSE,Van_Supermarkets_Waitrose,Van_Supermarkets_Waitrose,shopping_cart,little_help,Every little helps!
Vehicle - Other,Bus & Coaches,Flixbus,2,FALSE,Vehicle - Other_Bus & Coaches_Flixbus,Vehicle - Other_Bus & Coaches_Flixbus,airport_shuttle,bus_coach,Bus-ted!
Vehicle - Other,Bus & Coaches,National Express,1,FALSE,Vehicle - Other_Bus & Coaches_National Express,Vehicle - Other_Bus & Coaches_National Express,airport_shuttle,bus_coach,Bus-ted!
Vehicle - Other,Bus & Coaches,Coach (Other),1,FALSE,Vehicle - Other_Bus & Coaches_Coach (Other),Vehicle - Other_Bus & Coaches_Coach (Other),airport_shuttle,bus_coach,Bus-ted!
Vehicle - Other,Bus & Coaches,Double Decker Bus,1,FALSE,Vehicle - Other_Bus & Coaches_Double Decker Bus,Vehicle - Other_Bus & Coaches_Double Decker Bus,airport_shuttle,bus_coach,Bus-ted!
Vehicle - Other,Bus & Coaches,Single Decker Bus,1,FALSE,Vehicle - Other_Bus & Coaches_Single Decker Bus,Vehicle - Other_Bus & Coaches_Single Decker Bus,airport_shuttle,bus_coach,Bus-ted!
Vehicle - Other,Car Transporters,Empty,2,FALSE,Vehicle - Other_Car Transporters_Empty,Vehicle - Other_Car Transporters_Empty,traffic_jam,,
Vehicle - Other,Car Transporters,Full,1,FALSE,Vehicle - Other_Car Transporters_Full,Vehicle - Other_Car Transporters_Full,traffic_jam,,
Vehicle - Other,Car Transporters,Single,1,FALSE,Vehicle - Other_Car Transporters_Single,Vehicle - Other_Car Transporters_Single,traffic_jam,park_mate,You can't park there mate!
Vehicle - Other,Cyclists,Cyclist with a helmet,1,FALSE,Vehicle - Other_Cyclists_Cyclist with a helmet,Vehicle - Other_Cyclists_Cyclist helmet,pedal_bike,bike,On yer bike!
Vehicle - Other,Cyclists,Cyclist without a helmet,1,FALSE,Vehicle - Other_Cyclists_Cyclist without a helmet,Vehicle - Other_Cyclists_Cyclist helmet,pedal_bike,bike,On yer bike!
Vehicle - Other,Cyclists,Electric Bike/Scooter,2,FALSE,Vehicle - Other_Cyclists_Electric Bike/Scooter,Vehicle - Other_Cyclists_Electric Bike/Scooter,pedal_bike,bike,On yer bike!
Vehicle - Other,Emergency Vehicles,Ambulance,1,FALSE,Vehicle - Other_Emergency Vehicles_Ambulance,Vehicle - Other_Emergency Vehicles_Ambulance,emergency,blues_twos,Blues and twos!
Vehicle - Other,Emergency Vehicles,Fire Engine,3,FALSE,Vehicle - Other_Emergency Vehicles_Fire Engine,Vehicle - Other_Emergency Vehicles_Fire Engine,emergency,blues_twos,Blues and twos!
Vehicle - Other,Emergency Vehicles,Highway Maintenance,2,FALSE,Vehicle - Other_Emergency Vehicles_Highway Maintenance,Vehicle - Other_Emergency Vehicles_Highway Maintenance,emergency,blues_twos|builder,Blues and twos!|Bob the builder!
Vehicle - Other,Emergency Vehicles,Police Car,2,FALSE,Vehicle - Other_Emergency Vehicles_Police Car,Vehicle - Other_Emergency Vehicles_Police Car,emergency,blues_twos,Blues and twos!
Vehicle - Other,Emergency Vehicles,Traffic Patrol,2,FALSE,Vehicle - Other_Emergency Vehicles_Traffic Patrol,Vehicle - Other_Emergency Vehicles_Traffic Patrol,emergency,blues_twos,Blues and twos!
Vehicle - Other,Flying Vehicles,Commercial Aeroplane,2,FALSE,Vehicle - Other_Flying Vehicles_Commercial Aeroplane,Vehicle - Other_Flying Vehicles_Commercial Aeroplane,flight,flying,Air today gone tomorrow!
Vehicle - Other,Flying Vehicles,Other Non-Commercial,3,FALSE,Vehicle - Other_Flying Vehicles_Other Non-Commercial,Vehicle - Other_Flying Vehicles_Other Non-Commercial,flight,flying,Air today gone tomorrow!
Vehicle - Other,Misc,Boat/Canoe/Kayak,2,FALSE,Vehicle - Other_Misc_Boat/Canoe/Kayak,Vehicle - Other_Misc_Boat,commute,,
Vehicle - Other,Misc,Broken down vehicle,1,FALSE,Vehicle - Other_Misc_Broken down vehicle,Vehicle - Other_Misc_Broken down,commute,park_mate,You can't park there mate!
Vehicle - Other,Misc,Caravan,1,FALSE,Vehicle - Other_Misc_Caravan,Vehicle - Other_Misc_Caravan,commute,,
Vehicle - Other,Misc,Construction Vehicle,1,FALSE,Vehicle - Other_Misc_Construction Vehicle,Vehicle - Other_Misc_Construction Vehicle,commute,builder,Bob the builder!
Vehicle - Other,Misc,Farm vehicle,1,FALSE,Vehicle - Other_Misc_Farm vehicle,Vehicle - Other_Misc_Farm vehicle,commute,farmer,Me and the farmer!
Vehicle - Other,Misc,Horse Box/Transporter,1,FALSE,Vehicle - Other_Misc_Horse Box/Transporter,Vehicle - Other_Misc_Horse Box,commute,animals,Animals crackers!
Vehicle - Other,Misc,Motorhome,1,FALSE,Vehicle - Other_Misc_Motorhome,Vehicle - Other_Misc_Motorhome,commute,,
Vehicle - Other,Misc,Pram,3,FALSE,Vehicle - Other_Misc_Pram,Vehicle - Other_Misc_Pram,commute,,
Vehicle - Other,Misc,Taxi (regular),1,FALSE,Vehicle - Other_Misc_Taxi (regular),Vehicle - Other_Misc_Taxi (regular),commute,,
Vehicle - Other,Misc,Taxi (sign on top),1,FALSE,Vehicle - Other_Misc_Taxi (sign on top),Vehicle - Other_Misc_Taxi (sign on top),commute,,
Vehicle - Other,Misc,Train,4,FALSE,Vehicle - Other_Misc_Train,Vehicle - Other_Misc_Train,commute,,
Vehicle - Other,Misc,Train Track,2,FALSE,Vehicle - Other_Misc_Train Track,Vehicle - Other_Misc_Train Track,commute,,
Vehicle - Other,Misc,Wheelchair,3,FALSE,Vehicle - Other_Misc_Wheelchair,Vehicle - Other_Misc_Wheelchair,commute,,
Vehicle - Other,Motorcycles,Bike: Black,1,FALSE,Vehicle - Other_Motorcycles_Bike: Black,Vehicle - Other_Motorcycles_Bike: Black,two_wheeler,bike|rainbow,On yer bike!|Over the rainbow!
Vehicle - Other,Motorcycles,Bike: Blue,2,FALSE,Vehicle - Other_Motorcycles_Bike: Blue,Vehicle - Other_Motorcycles_Bike: Blue,two_wheeler,bike|rainbow,On yer bike!|Over the rainbow!
Vehicle - Other,Motorcycles,Bike: Other,2,FALSE,Vehicle - Other_Motorcycles_Bike: Other,Vehicle - Other_Motorcycles_Bike: Other,two_wheeler,bike|rainbow,On yer bike!|Over the rainbow!
Vehicle - Other,Motorcycles,Bike: Red,2,FALSE,Vehicle - Other_Motorcycles_Bike: Red,Vehicle - Other_Motorcycles_Bike: Red,two_wheeler,bike|rainbow,On yer bike!|Over the rainbow!
Vehicle - Other,Motorcycles,Bike: Tandem,3,FALSE,Vehicle - Other_Motorcycles_Bike: Tandem,Vehicle - Other_Motorcycles_Bike: Tandem,two_wheeler,bike|rainbow,On yer bike!|Over the rainbow!
Vehicle - Other,Motorcycles,Helmet: Black,1,FALSE,Vehicle - Other_Motorcycles_Helmet: Black,Vehicle - Other_Motorcycles_Helmet: Black,sports_motorsports,bike|rainbow,On yer bike!|Over the rainbow!
Vehicle - Other,Motorcycles,Helmet: Other,1,FALSE,Vehicle - Other_Motorcycles_Helmet: Other,Vehicle - Other_Motorcycles_Helmet: Other,sports_motorsports,bike|rainbow,On yer bike!|Over the rainbow!
Vehicle - Other,Motorcycles,Helmet: White,1,FALSE,Vehicle - Other_Motorcycles_Helmet: White,Vehicle - Other_Motorcycles_Helmet: White,sports_motorsports,bike|rainbow,On yer bike!|Over the rainbow!
